{"cameraMode":{"drawMode":0,"name":"Shaded","section":"Shading Mode"},"sceneLighting":true,"audioPlay":false,"sceneViewState":{"m_AlwaysRefresh":false,"showFog":true,"showSkybox":true,"showFlares":true,"showImageEffects":true,"showParticleSystems":true,"showVisualEffectGraphs":true,"m_FxEnabled":true},"in2DMode":false,"pivot":{"x":-6.712204933166504,"y":2.0898473262786867,"z":-7.944721221923828},"rotation":{"x":0.08887133747339249,"y":0.3431102931499481,"z":-0.032616324722766879,"w":0.9345239996910095},"size":3.5152499675750734,"orthographic":false}