{"cameraMode":{"drawMode":0,"name":"Shaded","section":"Shading Mode"},"sceneLighting":true,"audioPlay":false,"sceneViewState":{"m_AlwaysRefresh":false,"showFog":true,"showSkybox":true,"showFlares":true,"showImageEffects":true,"showParticleSystems":true,"showVisualEffectGraphs":true,"m_FxEnabled":true},"in2DMode":false,"pivot":{"x":17.91843032836914,"y":1.314661979675293,"z":-6.295646667480469},"rotation":{"x":0.0004121281090192497,"y":0.7287054657936096,"z":-0.6848335266113281,"w":0.00042361774831078947},"size":43.40364456176758,"orthographic":false}