{"cameraMode":{"drawMode":0,"name":"Shaded","section":"Shading Mode"},"sceneLighting":false,"audioPlay":false,"sceneViewState":{"m_AlwaysRefresh":false,"showFog":true,"showSkybox":false,"showFlares":true,"showImageEffects":true,"showParticleSystems":true,"showVisualEffectGraphs":true,"m_FxEnabled":true},"in2DMode":false,"pivot":{"x":-6.144904613494873,"y":0.7400001287460327,"z":-0.7100000381469727},"rotation":{"x":0.08887133747339249,"y":0.3431102931499481,"z":-0.032616324722766879,"w":0.9345239996910095},"size":0.8660288453102112,"orthographic":false}